Chocho,OK,09-11-2022 12:15:08 pm
Botella,OK,09-11-2022 12:15:09 pm
Adios,OK,09-11-2022 12:15:09 pm
Leche,OK,09-11-2022 12:15:09 pm
Pi√±a,OK,09-11-2022 12:15:09 pm
Papa,OK,09-11-2022 12:15:09 pm
Estuche,OK,09-11-2022 12:15:09 pm
Tele,No OK,09-11-2022 12:15:10 pm
Piscina,No OK,09-11-2022 12:15:10 pm
Pelota,No OK,09-11-2022 12:15:10 pm
Chocho,No OK,09-11-2022 12:15:10 pm
Pan,No OK,09-11-2022 12:15:10 pm
Ducha,OK,09-11-2022 12:15:11 pm
Cuna,OK,09-11-2022 12:15:11 pm
Yogur,OK,09-11-2022 12:15:11 pm
Luna,OK,09-11-2022 12:15:11 pm
Nariz,OK,09-11-2022 12:15:28 pm
Espejo,OK,09-11-2022 12:15:28 pm
Pipi,OK,09-11-2022 12:15:29 pm
Vicente,OK,09-11-2022 12:15:29 pm
Cama,OK,09-11-2022 12:15:29 pm
Puente,OK,09-11-2022 12:15:29 pm
Chocho,OK,09-11-2022 12:15:33 pm
Luz,OK,09-11-2022 12:15:33 pm
Pulpo,OK,09-11-2022 12:15:33 pm
Chocho,OK,09-11-2022 12:15:34 pm
Baila,OK,09-11-2022 12:15:34 pm
Minnie,OK,09-11-2022 12:15:34 pm
Patata,OK,09-11-2022 12:15:35 pm
Pan,OK,09-11-2022 12:15:36 pm
