Luna,OK,09-11-2022 12:18:27 pm
Movil,OK,09-11-2022 12:18:28 pm
Pala,OK,09-11-2022 12:18:28 pm
Lengua,OK,09-11-2022 12:18:28 pm
Vaso,OK,09-11-2022 12:18:28 pm
Ventana,OK,09-11-2022 12:18:28 pm
Regalo,OK,09-11-2022 12:18:28 pm
Taza,OK,09-11-2022 12:18:28 pm
Dormir,No OK,09-11-2022 12:18:29 pm
Cortina,No OK,09-11-2022 12:18:29 pm
Luz,No OK,09-11-2022 12:18:29 pm
Verde,No OK,09-11-2022 12:18:29 pm
Tito,No OK,09-11-2022 12:18:29 pm
Pepa pig,No OK,09-11-2022 12:18:30 pm
Dormir,OK,09-11-2022 12:18:30 pm
Cuchillo,OK,09-11-2022 12:18:30 pm
Lentejas,OK,09-11-2022 12:18:30 pm
Pinta,OK,09-11-2022 12:18:30 pm
Caja,No OK,09-11-2022 12:18:31 pm
Lentejas,No OK,09-11-2022 12:18:31 pm
Dado,No OK,09-11-2022 12:18:31 pm
Ducha,OK,09-11-2022 12:18:31 pm
Cuchara,OK,09-11-2022 12:18:32 pm
Ali,OK,09-11-2022 12:18:32 pm
Pajaro,OK,16-11-2022 05:04:15 pm
Pepsi,No OK,16-11-2022 05:04:15 pm
Tablet,OK,16-11-2022 05:04:16 pm
Pollito,No OK,16-11-2022 05:04:16 pm
Pala,OK,16-11-2022 05:04:17 pm
Coche,No OK,16-11-2022 05:04:17 pm
Vicente,OK,16-11-2022 05:04:18 pm
Verde,No OK,16-11-2022 05:04:18 pm
Tata,OK,16-11-2022 05:04:18 pm
Ba√±era,No OK,16-11-2022 05:04:19 pm
